Name,Phone,Exp_day,Card
Andrey Dumko,+380938259840,09/21,6515 2948 8925 8829
Andrey Dumko,+380449513219,01/20,7296 1514 0316 6412
Sofia Polozenko,+380635540490,04/21,2722 8577 7387 0485
Andrey Poroshenko,+380502107154,12/19,1099 7518 5114 8638
Andrey Marlin,+380686180666,02/18,8079 7806 5028 3869
Sofia Polischuk,+380931203053,04/18,3740 6676 9805 8644
Jenia Poroshenko,+380945367271,12/18,2353 9314 2103 5487
Daria Slesarchuk,+380681340805,03/20,9139 5010 9853 0633
Jenia Polozenko,+380947936522,03/18,3318 8542 1213 8505
Maria Atamanuk,+380441792912,07/20,7199 3132 3888 0794
Bogdan Poroshenko,+380951050334,05/21,3352 8946 5032 6784
Andrey Dumko,+380957873413,09/21,3549 2596 1054 0326
Oleg Polozenko,+380505102947,07/19,9676 2513 8320 2758
Daria Atamanuk,+380630466634,05/21,7094 3642 9825 2075
Jenia Atamanuk,+380942605368,01/18,4615 1256 6151 5011
Daria Polischuk,+380638825088,03/18,9230 9540 7497 1533
Oleg Poroshenko,+380948798219,03/19,7444 9738 7703 1036
Oleg Atamanuk,+380637341083,05/21,6533 0203 9860 4688
Daria Slesarchuk,+380635680733,04/18,2084 3539 1911 2209
Daria Marlin,+380631783331,08/21,2214 6683 8657 5964
Jenia Polozenko,+380739583658,08/20,0770 8754 5978 4361
Bogdan Poroshenko,+380505786669,09/18,3611 7641 4866 6678
Jenia Poroshenko,+380948139817,07/18,7680 7191 5753 3198
Sofia Marlin,+380941695503,06/18,3000 1340 3268 4099
Jenia Polozenko,+380940109119,08/18,4538 1987 6513 1797
Bogdan Atamanuk,+380504141985,04/19,3711 9686 6578 8696
Maria Dumko,+380638605972,06/20,4926 2679 4453 3133
Andrey Marlin,+380936775428,07/21,2257 4427 6492 5984
Sofia Polozenko,+380940881030,11/21,7550 7634 8786 2339
Andrey Dumko,+380914060540,09/21,9988 6146 6757 0000
Daria Dumko,+380911534716,05/20,3917 5551 6594 7325
Oleg Polischuk,+380630034229,10/20,6526 2214 5705 4941
Sofia Poroshenko,+380734561761,12/21,3599 1651 1779 1981
Jenia Polozenko,+380504351849,10/18,7167 8741 5448 4229
Andrey Slesarchuk,+380943734903,06/21,8594 5804 3945 2522
Sofia Marlin,+380739392615,11/19,8649 5183 4537 4794
Jenia Polozenko,+380445410425,05/18,4913 1331 1644 1931
Oleg Marlin,+380506829714,06/19,7421 0190 7790 9567
Sofia Polischuk,+380944720358,08/20,5956 3569 1993 3690
Jenia Polozenko,+380932454217,11/18,1870 0240 8873 8137
Jenia Polozenko,+380440137896,02/20,4849 9745 8640 7462
Oleg Poroshenko,+380445380762,10/19,8167 0336 4609 4032
Oleg Dumko,+380448312958,12/19,7697 0154 1462 7141
Jenia Dumko,+380914389884,03/19,5569 7241 9723 4039
Maria Polischuk,+380630548062,08/20,1044 1676 4693 8428
Oleg Polischuk,+380918124681,03/19,4641 1864 8344 0135
Oleg Polozenko,+380509011677,07/18,0686 3094 0688 4899
Jenia Marlin,+380630446903,03/20,5675 3427 7871 2120
Maria Polozenko,+380949163426,04/19,2341 3888 0769 0470
Sofia Marlin,+380681795167,01/21,7548 4429 9732 2235
Daria Atamanuk,+380507172005,03/19,7573 3933 9720 2014
Maria Dumko,+380445454061,03/21,1433 1710 9250 5979
Sofia Marlin,+380505020228,07/21,6446 0918 9028 5316
Daria Dumko,+380689039241,11/19,1980 1546 1931 0866
Bogdan Marlin,+380734560253,03/19,6756 5147 7948 8522
Maria Dumko,+380508795634,12/18,9439 0833 8558 1485
Sofia Dumko,+380500933347,03/19,6927 1551 6274 1419
Jenia Marlin,+380911469242,06/18,0861 2530 0319 5450
Sofia Atamanuk,+380506755718,09/18,6680 9581 7431 7487
Maria Slesarchuk,+380910897702,06/21,1216 8099 6009 4980
Sofia Dumko,+380937507801,12/18,5512 6059 7223 2376
Daria Marlin,+380958479104,03/21,8444 3339 2697 8324
Bogdan Polischuk,+380943777484,07/18,0780 1586 8059 6610
Andrey Slesarchuk,+380735292283,05/18,8300 8824 9386 4292
Oleg Poroshenko,+380945050998,09/20,9195 4537 6932 8514
Jenia Slesarchuk,+380446150858,01/18,5085 2376 3740 2194
Jenia Poroshenko,+380630781465,11/19,9009 7942 2468 7183
Oleg Poroshenko,+380689419684,01/19,8834 6190 3666 2793
Daria Slesarchuk,+380950093286,01/21,3105 3113 9557 3192
Andrey Slesarchuk,+380912342936,05/18,3022 7361 0409 0782
Daria Atamanuk,+380930117254,03/18,1666 7261 6361 4857
Andrey Poroshenko,+380943962341,10/21,3443 9858 1684 1744
Andrey Poroshenko,+380737167244,01/21,3697 2547 6458 6964
Jenia Marlin,+380732171536,03/21,0728 6643 4625 3239
Sofia Polischuk,+380505503842,03/20,0634 8371 9745 0246
Andrey Polozenko,+380507528505,12/21,8825 1589 1209 1146
Oleg Dumko,+380950234965,11/19,6874 7140 7237 6961
Maria Slesarchuk,+380505668078,02/21,2907 8010 9428 6093
Daria Polozenko,+380941420180,01/21,0563 6709 9093 7256
Bogdan Dumko,+380737045890,08/19,7601 3707 7957 6294
Maria Marlin,+380933076561,09/20,0968 2646 2691 8208
Maria Poroshenko,+380638828152,05/19,4913 8577 2490 4637
Jenia Polischuk,+380506607120,09/19,6095 6049 5845 3618
Bogdan Poroshenko,+380939512745,09/18,7908 3158 1676 2686
Bogdan Marlin,+380937655400,05/20,9101 5656 1944 9516
Maria Dumko,+380739768133,02/21,1404 7625 5227 3046
Jenia Slesarchuk,+380919707697,04/19,7045 3626 4383 1375
Andrey Polischuk,+380735058836,03/21,4615 2937 7755 9939
Andrey Polozenko,+380730449674,12/19,6244 0258 0444 3714
Oleg Poroshenko,+380931741174,08/20,6871 1838 0900 5215
Maria Marlin,+380440070248,11/18,0436 8560 0855 5957
Daria Polozenko,+380947513620,09/18,2139 2007 7049 7692
Jenia Marlin,+380739077295,07/20,5586 4630 1476 7365
Sofia Marlin,+380931366976,11/18,3723 1511 7830 3296
Sofia Poroshenko,+380680879537,10/20,5381 7063 3837 1253
Oleg Slesarchuk,+380739352907,09/20,3091 6556 9229 2634
